,Ant,Node,A Priori Status,Auto Metrics Flags,Dead Fraction in Ant Metrics (Jee),Dead Fraction in Ant Metrics (Jnn),Crossed Fraction in Ant Metrics,Flag Fraction Before Redcal,Flagged By Redcal chi^2 Fraction,ee Shape Modified Z-Score,nn Shape Modified Z-Score,ee Power Modified Z-Score,nn Power Modified Z-Score,ee Temporal Variability Modified Z-Score,nn Temporal Variability Modified Z-Score,ee Temporal Discontinuties Modified Z-Score,nn Temporal Discontinuties Modified Z-Score,Average Dead Ant Metric (Jee),Average Dead Ant Metric (Jnn),Average Crossed Ant Metric,Median chi^2 Per Antenna (Jee),Median chi^2 Per Antenna (Jnn)
0,"<a href=""https://htmlpreview.github.io/?https://github.com/HERA-Team/H5C_Notebooks/blob/main/antenna_report/antenna_3_report.html"" target=""_blank"">3</a>",N01,digital_ok,0.0,0.0,0.0,0.0,0.0,0.08,3.191822726815755,-0.6691784624027132,-0.5147303640502751,-0.6452290078989318,-0.22701418248211333,-1.1291252506203535,-0.5844135310819415,0.31404689250102247,0.7947443729811743,0.5287692202742772,0.5887041165090887,1.3974246978759766,1.1030897200107574
1,"<a href=""https://htmlpreview.github.io/?https://github.com/HERA-Team/H5C_Notebooks/blob/main/antenna_report/antenna_4_report.html"" target=""_blank"">4</a>",N01,RF_maintenance,0.0,0.0,0.0,0.0,1.0,0.0,-0.07645957946747856,3.589359934164421,-0.72982093944306,1.5793260651770327,3.766722579224842,3.215773111545979,3.81543112250789,0.9435529559615496,0.8092671848917228,0.5286210146303815,0.5926018318197064,4.064377188682556,3.4382985830307007
2,"<a href=""https://htmlpreview.github.io/?https://github.com/HERA-Team/H5C_Notebooks/blob/main/antenna_report/antenna_5_report.html"" target=""_blank"">5</a>",N01,digital_ok,1.0,0.0,0.0,0.0,1.0,0.0,-0.328371497473214,-0.21944581065845586,-0.6706349752043322,4.478825306009502,24.596253907007725,24.908773555689354,7.712771667955551,3.8219492964873782,0.8121274129501405,0.542328093363854,0.5918840213476784,3.9870630502700806,3.5465989112854004
3,"<a href=""https://htmlpreview.github.io/?https://github.com/HERA-Team/H5C_Notebooks/blob/main/antenna_report/antenna_7_report.html"" target=""_blank"">7</a>",N02,digital_ok,1.0,0.0,0.0,0.0,1.0,0.0,-0.7455466266506282,-0.9123075636834713,0.32951617223025437,0.5701233462638602,17.211110480111312,24.58428262453711,4.985758008552054,15.157918872822243,0.803933855603652,0.5265336119760508,0.5999036108114143,2.996218979358673,2.446648061275482
4,"<a href=""https://htmlpreview.github.io/?https://github.com/HERA-Team/H5C_Notebooks/blob/main/antenna_report/antenna_8_report.html"" target=""_blank"">8</a>",N02,RF_maintenance,1.0,0.0,0.0,0.0,1.0,0.0,6.915979422738569,8.204177396326251,19.95181302879168,20.5890761419572,43.41464364482353,42.61589378045821,4.675454504681721,3.037166077606121,0.7995452643823463,0.49469079652949877,0.6091492692622104,2.823074519634247,2.253254532814026
5,"<a href=""https://htmlpreview.github.io/?https://github.com/HERA-Team/H5C_Notebooks/blob/main/antenna_report/antenna_9_report.html"" target=""_blank"">9</a>",N02,digital_ok,1.0,0.0,0.0,0.0,1.0,0.0,0.2706346333958908,-1.0630634179846574,0.39463935990722754,-0.06083259855682914,21.333721479981328,20.87058600484091,18.465190248235043,17.77564613168426,0.8082076682873716,0.5141750624420968,0.6212660334409221,3.109351873397827,2.5685009360313416
6,"<a href=""https://htmlpreview.github.io/?https://github.com/HERA-Team/H5C_Notebooks/blob/main/antenna_report/antenna_10_report.html"" target=""_blank"">10</a>",N02,digital_ok,1.0,1.0,1.0,0.0,1.0,0.0,,,inf,inf,,,,,,,,0.0,0.0
7,"<a href=""https://htmlpreview.github.io/?https://github.com/HERA-Team/H5C_Notebooks/blob/main/antenna_report/antenna_15_report.html"" target=""_blank"">15</a>",N01,digital_ok,1.0,0.0,0.0,0.0,1.0,0.0,0.7833411230986698,0.9728974043070023,1.5872025957943035,0.8346865644020662,0.7677809016353905,0.4706566487999124,0.3233247787141205,8.852931737195185,0.8092879905551256,0.5349786939328817,0.580243302253477,4.2974700927734375,3.6541651487350464
8,"<a href=""https://htmlpreview.github.io/?https://github.com/HERA-Team/H5C_Notebooks/blob/main/antenna_report/antenna_16_report.html"" target=""_blank"">16</a>",N01,digital_ok,0.0,0.0,0.0,0.0,0.04,0.04,-0.7069090054333719,-0.6535463916912909,-0.6711259096041826,-0.09079465166711592,1.851587087787408,3.352169722564453,2.557162400698326,3.8055010123031865,0.8140056074888394,0.555228900859492,0.5711870193422137,1.58656445145607,1.3261624574661255
9,"<a href=""https://htmlpreview.github.io/?https://github.com/HERA-Team/H5C_Notebooks/blob/main/antenna_report/antenna_17_report.html"" target=""_blank"">17</a>",N01,digital_ok,1.0,0.0,0.0,0.0,1.0,0.0,-0.3485464137665749,0.6756612438223311,0.5104780242062167,0.43689565397178043,11.19814916853358,10.154844420631887,5.651375072908451,2.418031038224862,0.8118574307828049,0.5514337861852834,0.5768127404982382,3.8161194920539856,3.576167047023773
10,"<a href=""https://htmlpreview.github.io/?https://github.com/HERA-Team/H5C_Notebooks/blob/main/antenna_report/antenna_18_report.html"" target=""_blank"">18</a>",N01,RF_maintenance,1.0,0.0,1.0,0.0,1.0,0.0,9.466095988764792,12.665343636633722,1.2905837125597255,0.31243903726797617,28.47921659114436,16.15303899678359,96.40609638534289,32.59367960220673,0.7640808393226289,0.2947362144167661,0.5934247796346013,2.765194833278656,1.6793778836727142
11,"<a href=""https://htmlpreview.github.io/?https://github.com/HERA-Team/H5C_Notebooks/blob/main/antenna_report/antenna_19_report.html"" target=""_blank"">19</a>",N02,digital_ok,1.0,1.0,1.0,0.0,1.0,0.0,,,inf,inf,,,,,,,,0.0,0.0
12,"<a href=""https://htmlpreview.github.io/?https://github.com/HERA-Team/H5C_Notebooks/blob/main/antenna_report/antenna_20_report.html"" target=""_blank"">20</a>",N02,digital_ok,1.0,1.0,1.0,0.0,1.0,0.0,289.97279319483386,290.01668528888894,inf,inf,10229.219854018695,10228.620999686435,4053.466492416242,4052.637489949649,,,,0.0,0.0
13,"<a href=""https://htmlpreview.github.io/?https://github.com/HERA-Team/H5C_Notebooks/blob/main/antenna_report/antenna_21_report.html"" target=""_blank"">21</a>",N02,digital_ok,1.0,0.0,0.0,0.0,1.0,0.0,0.5361515159965864,0.7640895796018032,0.6991810104579536,0.8934244851803427,0.06011820332502106,42.226929750225516,-0.2284887567713485,1.0479464529255331,0.8026602986175451,0.5075052774436811,0.6188019772083384,3.6045660376548767,2.7359628677368164
14,"<a href=""https://htmlpreview.github.io/?https://github.com/HERA-Team/H5C_Notebooks/blob/main/antenna_report/antenna_27_report.html"" target=""_blank"">27</a>",N01,RF_maintenance,1.0,1.0,1.0,0.0,1.0,0.0,19.803781141253843,22.725256490228137,32.913508191148,33.60235706873184,56.48949935699151,51.89252267323317,8.794847277792954,7.009109414626708,0.03839394457058301,0.04389131517711746,0.002821811991248872,1.1590039134025574,1.157723605632782
15,"<a href=""https://htmlpreview.github.io/?https://github.com/HERA-Team/H5C_Notebooks/blob/main/antenna_report/antenna_28_report.html"" target=""_blank"">28</a>",N01,RF_maintenance,1.0,0.04081632653061224,1.0,0.0,1.0,0.0,13.784884597746043,31.487344675415148,0.49580294819102994,1.8610116944074482,19.353291798457114,25.43127362062004,2.5419674997310646,28.362878540392867,0.431327495062492,0.18685642052249896,0.277969077365651,13.368416786193848,2.442213237285614
16,"<a href=""https://htmlpreview.github.io/?https://github.com/HERA-Team/H5C_Notebooks/blob/main/antenna_report/antenna_29_report.html"" target=""_blank"">29</a>",N01,digital_ok,1.0,0.0,0.0,0.0,1.0,0.0,-0.33635227045822064,-0.03281880581558571,0.39232496320167753,-0.17079227467478425,5.842510467282221,5.98671642685946,1.6337329078012095,1.559297441998446,0.8170020130987576,0.561121721502489,0.5628796067316834,3.518575072288513,3.2429014444351196
17,"<a href=""https://htmlpreview.github.io/?https://github.com/HERA-Team/H5C_Notebooks/blob/main/antenna_report/antenna_30_report.html"" target=""_blank"">30</a>",N01,digital_ok,1.0,0.0,0.0,0.0,1.0,0.0,-0.19219171923414277,0.20636804019879024,0.10478439980726431,-0.332963078128955,29.926851173466634,27.930842859474474,13.394893415610806,3.9973705067990193,0.8094187973945792,0.5586576002001794,0.5623386400236698,3.3195783495903015,3.182145893573761
18,"<a href=""https://htmlpreview.github.io/?https://github.com/HERA-Team/H5C_Notebooks/blob/main/antenna_report/antenna_31_report.html"" target=""_blank"">31</a>",N02,digital_ok,0.0,0.0,0.0,0.0,0.0,0.08,1.1348954938199263,-0.8049504219000538,-0.5754567795750641,0.7312153905447561,0.561183311989642,1.3355225433574895,-0.5809808723928347,-0.7623864843886022,0.8121878730119051,0.5518965245867353,0.5825276941108263,1.4993094205856323,1.3165166676044464
19,"<a href=""https://htmlpreview.github.io/?https://github.com/HERA-Team/H5C_Notebooks/blob/main/antenna_report/antenna_32_report.html"" target=""_blank"">32</a>",N02,RF_maintenance,1.0,0.0,0.0,0.0,1.0,0.0,35.03293119637602,22.474157466107297,2.45778722071683,1.444928198444816,24.491239857464713,50.72343670555148,48.24685264634134,161.35766793025428,0.7038672605390848,0.4915362488023655,0.40479026728174733,6.478100299835205,3.963473856449127
20,"<a href=""https://htmlpreview.github.io/?https://github.com/HERA-Team/H5C_Notebooks/blob/main/antenna_report/antenna_33_report.html"" target=""_blank"">33</a>",N02,RF_maintenance,1.0,0.0,1.0,0.0,1.0,0.0,-0.2269956377878472,8.831437429424668,-0.07409182694354714,-0.11268258595517536,1.1015176091523677,4.955392797534991,-0.1847919471709437,8.983688418481993,0.7946114421182616,0.32122144603183495,0.6549856965286652,3.3770347237586975,1.8996774852275848
21,"<a href=""https://htmlpreview.github.io/?https://github.com/HERA-Team/H5C_Notebooks/blob/main/antenna_report/antenna_36_report.html"" target=""_blank"">36</a>",N03,RF_maintenance,1.0,0.0,0.0,0.0,1.0,0.0,10.734001623643831,8.357766514880817,0.11289309158709611,0.4129392063128375,2.5701031758789203,-0.5121052235082418,0.1607543399096733,-0.5387455234013554,0.8093336157748456,0.5550187132993734,0.575983891515931,4.079856872558594,3.634672999382019
22,"<a href=""https://htmlpreview.github.io/?https://github.com/HERA-Team/H5C_Notebooks/blob/main/antenna_report/antenna_37_report.html"" target=""_blank"">37</a>",N03,digital_ok,1.0,0.0,0.0,0.0,1.0,0.0,1.0813526509026365,0.8489813301183661,-0.4374476830332079,0.3443501260461613,8.637630633537544,8.71317643619822,2.996530184855323,9.762594194174355,0.8143165867524077,0.5735260174493677,0.5607945908961701,4.814395427703857,4.229512810707092
23,"<a href=""https://htmlpreview.github.io/?https://github.com/HERA-Team/H5C_Notebooks/blob/main/antenna_report/antenna_38_report.html"" target=""_blank"">38</a>",N03,digital_ok,0.0,0.0,0.0,0.0,0.0,0.0,0.990920869216849,-0.3081026971406984,-0.24235885483365996,-0.8085152681786498,0.6472801446436337,-0.2934735262337381,3.207293160239128,-0.2279769195111878,0.8121933343897177,0.5824664011389713,0.5547300472207306,1.897225707769394,1.5749971270561218
24,"<a href=""https://htmlpreview.github.io/?https://github.com/HERA-Team/H5C_Notebooks/blob/main/antenna_report/antenna_40_report.html"" target=""_blank"">40</a>",N04,digital_ok,0.0,0.061224489795918366,0.061224489795918366,0.0,0.08,0.0,0.7639299922065786,-0.24439821941117773,-0.037256540705399147,-0.3921426499420175,0.0159096026074786,-0.5903184531630541,-0.6570155862681472,-0.37341918564096627,0.7840895543049858,0.5640814474285861,0.5310435127441214,2.271785855293274,1.8975166976451874
25,"<a href=""https://htmlpreview.github.io/?https://github.com/HERA-Team/H5C_Notebooks/blob/main/antenna_report/antenna_41_report.html"" target=""_blank"">41</a>",N04,digital_ok,0.0,0.061224489795918366,0.061224489795918366,0.0,0.08,0.0,0.6798030565504772,-0.5365800619146078,2.844063494522162,1.0516829649561752,1.9471722859511034,-1.107092369715728,-0.8621822479655576,0.6919659326850433,0.7874846189589166,0.5593786932783779,0.5365800995757141,2.7014882564544678,1.9129631519317627
26,"<a href=""https://htmlpreview.github.io/?https://github.com/HERA-Team/H5C_Notebooks/blob/main/antenna_report/antenna_42_report.html"" target=""_blank"">42</a>",N04,digital_ok,0.0,0.061224489795918366,0.061224489795918366,0.0,0.08,0.0,0.13810933605564066,0.7810235431239236,2.0292077215342057,0.7983380923397233,-0.606456350245546,-0.8125443768691563,-0.6488421402041634,-1.25603139519099,0.7856754720103144,0.5573872508088427,0.5418385874294555,2.1928789019584656,1.805088371038437
27,"<a href=""https://htmlpreview.github.io/?https://github.com/HERA-Team/H5C_Notebooks/blob/main/antenna_report/antenna_45_report.html"" target=""_blank"">45</a>",N05,digital_ok,1.0,0.0,0.0,0.0,1.0,0.0,0.3768409441863954,1.4247710195236218,-0.4709704322351423,0.0747774455397601,-1.1454145270866845,0.9025724909756444,-0.256055095525872,4.699961196089755,0.8096037331354721,0.5296354292550076,0.5954067217822554,3.2418269515037537,2.9393213391304016
28,"<a href=""https://htmlpreview.github.io/?https://github.com/HERA-Team/H5C_Notebooks/blob/main/antenna_report/antenna_46_report.html"" target=""_blank"">46</a>",N05,digital_ok,0.0,0.0,0.0,0.0,0.08,0.0,-0.8923035383413169,-0.061456286277667777,0.04595779100231496,-0.7633311288678598,0.5172345398732473,0.5884992757781766,-0.4789293366036158,3.5929029369868277,0.806008175644625,0.5159164801380771,0.610343434860621,1.5060512125492096,1.3531550765037537
29,"<a href=""https://htmlpreview.github.io/?https://github.com/HERA-Team/H5C_Notebooks/blob/main/antenna_report/antenna_50_report.html"" target=""_blank"">50</a>",N03,RF_maintenance,1.0,0.0,0.0,0.0,1.0,0.0,32.484025157281465,17.03466295334158,2.7973464388077858,1.1608388722878826,19.645960539801436,19.21708532544167,51.10121676629027,39.26516785839247,0.7329636217800727,0.5089094457951909,0.45564328148036765,4.261337757110596,4.326751351356506
30,"<a href=""https://htmlpreview.github.io/?https://github.com/HERA-Team/H5C_Notebooks/blob/main/antenna_report/antenna_51_report.html"" target=""_blank"">51</a>",N03,digital_ok,0.0,0.0,0.0,0.0,0.0,0.0,1.3657175826245302,2.373589143044513,-0.6708777680799761,-0.5560285993661016,-1.375495702438619,-1.3151850291930887,-0.7889186838833614,0.6343935619116767,0.8116756023292799,0.5941988961375997,0.5471178469646709,1.7089191675186157,1.6205358803272247
31,"<a href=""https://htmlpreview.github.io/?https://github.com/HERA-Team/H5C_Notebooks/blob/main/antenna_report/antenna_52_report.html"" target=""_blank"">52</a>",N03,RF_maintenance,1.0,0.0,0.0,0.0,1.0,0.0,8.423711179157358,8.39277651703146,0.47623670679339863,0.15768203101095854,3.516255348343653,0.841823244203478,0.7512757760885501,0.8193270607061959,0.8143196433215615,0.6003199090461662,0.5389030992749013,4.650107502937317,4.72045361995697
32,"<a href=""https://htmlpreview.github.io/?https://github.com/HERA-Team/H5C_Notebooks/blob/main/antenna_report/antenna_53_report.html"" target=""_blank"">53</a>",N03,digital_ok,0.0,0.0,0.0,0.0,0.0,0.08,1.8867369661468685,2.072257544284964,-0.5716378067360358,0.06039093763344208,-0.5445547271599593,-0.7347805500248586,2.9517459670943005,2.897313478754547,0.815769065486766,0.612219097382294,0.5345302893865969,2.1191309690475464,1.818778395652771
33,"<a href=""https://htmlpreview.github.io/?https://github.com/HERA-Team/H5C_Notebooks/blob/main/antenna_report/antenna_54_report.html"" target=""_blank"">54</a>",N04,digital_ok,0.0,0.061224489795918366,0.061224489795918366,0.0,0.08,0.0,0.4022729111176835,-0.9496134969797608,1.225074687250974,1.1983000939208694,0.4245884303321148,0.39140564363204755,2.010145207853062,-0.4580800581459928,0.7857710472941047,0.5774029225092182,0.5195408702317961,2.2949239015579224,2.09355890750885
34,"<a href=""https://htmlpreview.github.io/?https://github.com/HERA-Team/H5C_Notebooks/blob/main/antenna_report/antenna_55_report.html"" target=""_blank"">55</a>",N04,digital_ok,1.0,0.061224489795918366,0.061224489795918366,0.0,1.0,0.0,1.7735319288521432,1.3050937815137584,-0.49251042845478793,1.1348959138790762,18.56592086639789,-0.3522311602220998,8.570489040798359,0.37844351629911754,0.7841468829522121,0.5682436913963397,0.5256265394262486,4.84052312374115,4.697633862495422
35,"<a href=""https://htmlpreview.github.io/?https://github.com/HERA-Team/H5C_Notebooks/blob/main/antenna_report/antenna_56_report.html"" target=""_blank"">56</a>",N04,digital_ok,0.0,0.061224489795918366,0.061224489795918366,0.0,0.08,0.0,0.008947797776975764,0.5970612048406078,1.375914078890155,1.2412236921745505,0.03335140762469389,-0.20380915558515492,-0.8263677037603214,3.9156494176855476,0.7852011848510626,0.5702894524655588,0.5322098101527922,2.160621702671051,1.7668340504169464
36,"<a href=""https://htmlpreview.github.io/?https://github.com/HERA-Team/H5C_Notebooks/blob/main/antenna_report/antenna_57_report.html"" target=""_blank"">57</a>",N04,RF_maintenance,1.0,0.061224489795918366,0.061224489795918366,0.0,1.0,0.0,30.390355959826724,-0.04609969923614379,14.363991851634841,2.7839089345257375,31.502749052869756,1.0631483990553747,2.807989257239238,-0.029877992590543804,0.6220351945450721,0.5535489028625057,0.3968215280635682,4.23586630821228,3.3558139204978943
37,"<a href=""https://htmlpreview.github.io/?https://github.com/HERA-Team/H5C_Notebooks/blob/main/antenna_report/antenna_65_report.html"" target=""_blank"">65</a>",N03,digital_ok,0.0,0.0,0.0,0.0,0.0,0.0,1.3470565060043203,0.31017073643343585,0.9472978630234157,1.0667464900691477,-0.6480775258134192,0.5654361015042673,-0.3711598127940936,0.03130382674381228,0.8105307908509009,0.5680736756771502,0.5747070604067671,1.6536350846290588,1.5828494429588318
38,"<a href=""https://htmlpreview.github.io/?https://github.com/HERA-Team/H5C_Notebooks/blob/main/antenna_report/antenna_66_report.html"" target=""_blank"">66</a>",N03,digital_ok,1.0,0.0,0.0,0.0,1.0,0.0,1.61627929360374,1.070356983809413,-0.6042183803942089,1.0704522620702481,-0.1623692448902654,3.473130874549854,0.1985042847533881,0.8327988835957217,0.8141477670118054,0.5955919440557569,0.5448383305524896,3.8078879714012146,4.30226469039917
39,"<a href=""https://htmlpreview.github.io/?https://github.com/HERA-Team/H5C_Notebooks/blob/main/antenna_report/antenna_67_report.html"" target=""_blank"">67</a>",N03,digital_ok,0.0,0.0,0.0,0.0,0.0,0.0,-0.49062104523546113,-0.5805058167867342,0.18206307548585215,0.4185345164859917,1.2806731772978561,3.6876002652042295,0.3416744368340215,0.22281561902703825,0.8111096661944984,0.6128099051367148,0.5232190381707212,2.0393700003623962,1.7230944335460663
40,"<a href=""https://htmlpreview.github.io/?https://github.com/HERA-Team/H5C_Notebooks/blob/main/antenna_report/antenna_68_report.html"" target=""_blank"">68</a>",N03,digital_ok,0.0,0.0,0.0,0.0,0.0,0.0,1.148742853243554,0.8151785779647361,0.03544081966180728,0.3495498069847271,0.5562155501459987,1.9111991228163798,0.16578050884333126,1.9223281964111445,0.8123205274885529,0.6168835908560552,0.5189749665891963,2.109010636806488,1.8708712458610535
41,"<a href=""https://htmlpreview.github.io/?https://github.com/HERA-Team/H5C_Notebooks/blob/main/antenna_report/antenna_69_report.html"" target=""_blank"">69</a>",N04,digital_ok,1.0,0.061224489795918366,0.061224489795918366,0.0,1.0,0.0,0.5034232595135375,-0.7440841728727323,-0.3103295741805422,-0.09704495044649905,0.3868418372923588,7.329216773442164,-0.39826318509740816,-0.8611710110351646,0.785593745147259,0.5907009940701593,0.5097090422549946,4.462836980819702,4.246095776557922
42,"<a href=""https://htmlpreview.github.io/?https://github.com/HERA-Team/H5C_Notebooks/blob/main/antenna_report/antenna_70_report.html"" target=""_blank"">70</a>",N04,RF_maintenance,1.0,0.061224489795918366,0.061224489795918366,0.0,1.0,0.0,8.3740826053853,-0.9021665434495547,0.1683897016140464,-0.8644173032332655,2.030310530285257,-1.2517941033089437,-0.2858915273618199,-0.8144899331137614,0.7839224212276762,0.5671231245871474,0.5285838206272515,16.95656156539917,13.573113441467285
43,"<a href=""https://htmlpreview.github.io/?https://github.com/HERA-Team/H5C_Notebooks/blob/main/antenna_report/antenna_71_report.html"" target=""_blank"">71</a>",N04,digital_ok,0.0,0.061224489795918366,0.061224489795918366,0.0,0.08,0.92,0.5366408508786492,0.03050054257092234,-0.7668098879152098,-0.3000023607191729,0.3074025065368646,-1.7178905799869881,-0.5501330969665862,-1.0522696248315975,0.7854948143586301,0.5849908479505426,0.5168904041161978,17.740622520446777,14.605365991592407
44,"<a href=""https://htmlpreview.github.io/?https://github.com/HERA-Team/H5C_Notebooks/blob/main/antenna_report/antenna_72_report.html"" target=""_blank"">72</a>",N04,digital_ok,1.0,0.061224489795918366,0.061224489795918366,0.0,1.0,0.0,3.2539705332163504,-0.20502096901476902,-0.5411277115565521,1.574533576514598,7.519475885812499,-1.1415056069717497,5.215196645751482,-1.0670535535410286,0.7819169873842344,0.5550679819569009,0.5394052323493489,4.359880447387695,3.4230635166168213
45,"<a href=""https://htmlpreview.github.io/?https://github.com/HERA-Team/H5C_Notebooks/blob/main/antenna_report/antenna_73_report.html"" target=""_blank"">73</a>",N05,digital_ok,1.0,1.0,0.0,0.0,1.0,0.0,17.80683782248617,0.1756268314118881,32.191925095261105,0.01526070912310026,39.9739696069402,0.7710292364509403,1.3693479760132723,0.22775284373844223,0.03269644358510835,0.5445533814055036,0.2757819989059495,1.2306219935417175,3.1912554502487183
46,"<a href=""https://htmlpreview.github.io/?https://github.com/HERA-Team/H5C_Notebooks/blob/main/antenna_report/antenna_81_report.html"" target=""_blank"">81</a>",N07,digital_ok,1.0,0.0,0.0,0.0,1.0,0.0,2.280399511728148,1.4736066172734068,-0.508920223188131,3.6708929506874686,1.0882608397274562,0.4879400714456272,5.421461408059798,0.2283087226283849,0.802061898953818,0.5530822334951625,0.5787183596544391,3.2079933881759644,3.0768439769744873
47,"<a href=""https://htmlpreview.github.io/?https://github.com/HERA-Team/H5C_Notebooks/blob/main/antenna_report/antenna_82_report.html"" target=""_blank"">82</a>",N07,RF_maintenance,1.0,0.0,0.0,0.0,1.0,0.0,5.346540298812157,0.8261684791761625,1.451637019451784,0.6565975984338163,-0.5519442620447728,-0.6247821036698286,3.6569580182557737,0.6661782017370619,0.8081056342880214,0.5750769565976607,0.5624712339311768,3.424262523651123,2.7609405517578125
48,"<a href=""https://htmlpreview.github.io/?https://github.com/HERA-Team/H5C_Notebooks/blob/main/antenna_report/antenna_83_report.html"" target=""_blank"">83</a>",N07,digital_ok,1.0,0.0,0.0,0.0,1.0,0.0,1.3269261325331776,1.3947680197404355,2.037768494420548,4.493165738146839,-0.9824851289219485,-0.5863579067052114,-0.5590045385044947,-1.3216963888374336,0.8121413610325962,0.6052479593948408,0.5367687685253368,3.482633113861084,3.5436758399009705
49,"<a href=""https://htmlpreview.github.io/?https://github.com/HERA-Team/H5C_Notebooks/blob/main/antenna_report/antenna_84_report.html"" target=""_blank"">84</a>",N08,digital_ok,1.0,0.0,0.04081632653061224,0.0,1.0,0.0,10.872893104097964,11.80004196748239,0.07141939883780588,1.5612286779999378,6.270483250070889,-0.27818648957876646,35.74078258381357,-1.3664849400449344,0.7504457052094039,0.5368514289592589,0.4937101197564667,3.9602153301239014,4.450708389282227
50,"<a href=""https://htmlpreview.github.io/?https://github.com/HERA-Team/H5C_Notebooks/blob/main/antenna_report/antenna_85_report.html"" target=""_blank"">85</a>",N08,digital_ok,0.0,0.0,0.04081632653061224,0.0,0.04,0.08,0.6660069848748905,0.45827965000464155,-0.7209877126343579,-0.5564650124546244,-1.448732936819136,-1.2189097191907252,-0.9282627575804021,-1.420781514207259,0.7462887427892759,0.5369205629305475,0.49921299897840776,1.8758564591407776,1.6871475279331207
51,"<a href=""https://htmlpreview.github.io/?https://github.com/HERA-Team/H5C_Notebooks/blob/main/antenna_report/antenna_86_report.html"" target=""_blank"">86</a>",N08,digital_ok,1.0,0.0,0.04081632653061224,0.0,1.0,0.0,1.5142865576402753,4.685489836507593,-0.6634852354085664,0.02220652663058265,2.9255081430545142,2.391791707775854,0.12835089055776486,-0.2748505537253214,0.7409740530651735,0.4985112492590332,0.501748836305248,4.108931064605713,4.483211278915405
52,"<a href=""https://htmlpreview.github.io/?https://github.com/HERA-Team/H5C_Notebooks/blob/main/antenna_report/antenna_87_report.html"" target=""_blank"">87</a>",N08,RF_maintenance,1.0,0.0,0.04081632653061224,0.0,1.0,0.0,3.231390526865111,12.266765296377288,5.331061542922692,1.2709073106574587,8.886112824062602,-1.1926289009752271,24.779666154785925,-0.642363149087257,0.7335902462144185,0.5189192604966352,0.5102198238501607,3.154820144176483,3.032122015953064
53,"<a href=""https://htmlpreview.github.io/?https://github.com/HERA-Team/H5C_Notebooks/blob/main/antenna_report/antenna_88_report.html"" target=""_blank"">88</a>",N09,digital_ok,1.0,1.0,1.0,0.0,1.0,0.0,21.43339817263536,22.850875600714637,27.722062536377976,28.621881219352993,40.348674915290644,34.77179098190803,4.289833674017856,1.2693827784834253,0.03719038289528998,0.03407506275741509,0.002130368304856034,1.1278334259986877,1.1352551579475403
54,"<a href=""https://htmlpreview.github.io/?https://github.com/HERA-Team/H5C_Notebooks/blob/main/antenna_report/antenna_90_report.html"" target=""_blank"">90</a>",N09,RF_maintenance,1.0,1.0,1.0,0.0,1.0,0.0,4.996584786777043,1.109658514190316,16.97916998706357,1.0242106181374309,17.873235326424414,0.7584635942665701,-1.42149240459599,-0.6348655350243704,0.04585294477880791,0.037825007510389995,0.0018856646532468024,1.247684806585312,1.2458452582359314
55,"<a href=""https://htmlpreview.github.io/?https://github.com/HERA-Team/H5C_Notebooks/blob/main/antenna_report/antenna_91_report.html"" target=""_blank"">91</a>",N09,digital_ok,1.0,1.0,1.0,0.0,1.0,0.0,28.026923569496727,22.085205382354072,5.42446653158383,29.27185262074077,23.433143929798515,34.64860579675722,5.048943626265302,1.6526751278941145,0.06498044972375575,0.036299605581163956,0.028308421634837398,0.8288809210062027,0.8121429979801178
56,"<a href=""https://htmlpreview.github.io/?https://github.com/HERA-Team/H5C_Notebooks/blob/main/antenna_report/antenna_92_report.html"" target=""_blank"">92</a>",N10,RF_maintenance,1.0,1.0,1.0,0.0,1.0,0.0,42.72661751158555,55.058187164705984,2.922591752098607,4.499084527674259,30.461183224670787,45.72325164907261,1.135684338566886,6.542389101039316,0.2691587794070202,0.18559184293011682,0.11661628453360412,0.0,0.0
57,"<a href=""https://htmlpreview.github.io/?https://github.com/HERA-Team/H5C_Notebooks/blob/main/antenna_report/antenna_93_report.html"" target=""_blank"">93</a>",N10,digital_ok,1.0,0.0,0.9387755102040817,0.0,1.0,0.0,-0.19620370438189835,3.736856037652222,3.729362966425666,15.573598089229037,10.839895804099193,16.556674669626656,2.2225630107958114,0.0022138215852931104,0.6655524920606105,0.3409426726217908,0.5073998622548823,0.0,0.0
58,"<a href=""https://htmlpreview.github.io/?https://github.com/HERA-Team/H5C_Notebooks/blob/main/antenna_report/antenna_94_report.html"" target=""_blank"">94</a>",N10,digital_ok,1.0,0.0,0.9387755102040817,0.0,1.0,0.0,-0.6756119265091944,-1.2386169568562193,0.29542603417848423,-0.32966593397368493,-0.27796492291908204,7.352762571909446,2.5058699324357545,0.9129214079356679,0.6687294769541214,0.3488899133620248,0.509352864208744,0.0,0.0
59,"<a href=""https://htmlpreview.github.io/?https://github.com/HERA-Team/H5C_Notebooks/blob/main/antenna_report/antenna_98_report.html"" target=""_blank"">98</a>",N07,digital_ok,1.0,1.0,1.0,0.0,1.0,0.0,,,inf,inf,,,,,,,,0.0,0.0
60,"<a href=""https://htmlpreview.github.io/?https://github.com/HERA-Team/H5C_Notebooks/blob/main/antenna_report/antenna_99_report.html"" target=""_blank"">99</a>",N07,digital_ok,1.0,1.0,1.0,0.0,1.0,0.0,,,inf,inf,,,,,,,,0.0,0.0
61,"<a href=""https://htmlpreview.github.io/?https://github.com/HERA-Team/H5C_Notebooks/blob/main/antenna_report/antenna_100_report.html"" target=""_blank"">100</a>",N07,digital_ok,0.0,0.0,0.0,0.0,0.0,0.0,-0.17768732615494312,-0.15490713680173196,0.888762058631991,0.1003173158176143,-1.0229286963133501,-0.44835875618912774,-0.17563038295356578,-1.0490108349905833,0.8109597009537205,0.5716032213850373,0.5649977730732152,1.4598653614521027,1.314054399728775
62,"<a href=""https://htmlpreview.github.io/?https://github.com/HERA-Team/H5C_Notebooks/blob/main/antenna_report/antenna_101_report.html"" target=""_blank"">101</a>",N08,digital_ok,1.0,0.0,0.04081632653061224,0.0,1.0,0.0,10.388650118547975,11.197564582024302,2.9682059027316225,0.13704843762593272,-0.7773840104090711,-1.1979923410644147,4.445665939318607,0.7058100728981642,0.7503891267093928,0.5225692221126996,0.5120600078607459,3.7586994767189026,3.100939154624939
63,"<a href=""https://htmlpreview.github.io/?https://github.com/HERA-Team/H5C_Notebooks/blob/main/antenna_report/antenna_102_report.html"" target=""_blank"">102</a>",N08,RF_maintenance,1.0,0.0,0.40816326530612246,0.0,1.0,0.0,5.774495391744177,10.993382163232862,15.50378279143382,22.04444034561327,269.3103618481256,22.825559819030605,22.922311758315683,0.8916366036514071,0.6745324286566162,0.4053754045851205,0.48868518092718793,3.817472219467163,3.368624210357666
64,"<a href=""https://htmlpreview.github.io/?https://github.com/HERA-Team/H5C_Notebooks/blob/main/antenna_report/antenna_103_report.html"" target=""_blank"">103</a>",N08,digital_ok,1.0,0.0,0.04081632653061224,0.0,1.0,0.0,4.489948731037411,11.128972349657706,0.17497653254390017,0.059996923067126395,-0.6547413799294943,-0.394245060639341,0.39006402832918036,-0.4842533720635233,0.7490952196828642,0.5169340602222249,0.5098506786957527,3.332469642162323,2.8386716842651367
65,"<a href=""https://htmlpreview.github.io/?https://github.com/HERA-Team/H5C_Notebooks/blob/main/antenna_report/antenna_104_report.html"" target=""_blank"">104</a>",N08,RF_maintenance,1.0,0.0,0.04081632653061224,0.0,1.0,0.0,8.34974027520656,76.44913562425307,1.3181934351114457,11.877194781431411,1.3823329713871855,-0.027973527266813614,1.2592924013308393,-1.1912364048858146,0.7519894787903242,0.4974144691862185,0.5380444565514655,4.048754096031189,3.2609071731567383
66,"<a href=""https://htmlpreview.github.io/?https://github.com/HERA-Team/H5C_Notebooks/blob/main/antenna_report/antenna_105_report.html"" target=""_blank"">105</a>",N09,digital_ok,1.0,1.0,1.0,0.0,1.0,0.0,7.3337652738761845,9.86975878380357,20.99386948527936,22.977600244928922,28.33592156579942,27.079553576706257,-1.2473541830341623,-2.61740600943147,0.05859453398075101,0.05685039634627641,0.012139956258505018,1.1828733682632446,1.1816865801811218
67,"<a href=""https://htmlpreview.github.io/?https://github.com/HERA-Team/H5C_Notebooks/blob/main/antenna_report/antenna_106_report.html"" target=""_blank"">106</a>",N09,digital_ok,1.0,1.0,1.0,0.0,1.0,0.0,2.365243211631582,9.020591489883476,4.124676069943294,21.54784058011577,0.911943783737404,23.285043096380893,-0.4274444995757356,-2.6295144691120216,0.03807435777243767,0.045543598653345466,0.007538708755373825,1.1832158863544464,1.1674669682979584
68,"<a href=""https://htmlpreview.github.io/?https://github.com/HERA-Team/H5C_Notebooks/blob/main/antenna_report/antenna_107_report.html"" target=""_blank"">107</a>",N09,digital_ok,1.0,1.0,1.0,0.0,1.0,0.0,12.475404203308612,19.815957689974233,20.291056449487346,27.141184119023965,33.376331717879644,34.81444173488977,-0.8989665134189954,1.5059574854572242,0.06364626575852392,0.03737156978968515,0.023934837190333933,0.8202808797359467,0.8134932219982147
69,"<a href=""https://htmlpreview.github.io/?https://github.com/HERA-Team/H5C_Notebooks/blob/main/antenna_report/antenna_108_report.html"" target=""_blank"">108</a>",N09,digital_ok,1.0,1.0,1.0,0.0,1.0,0.0,18.81444712594036,20.8736429304437,27.233584925272815,28.93260123809466,40.33877604842805,34.72578068245833,0.8912051389081278,0.006784574835106201,0.029254076728052962,0.036204321586637216,0.0018028803336652382,1.1020614802837372,1.1067175269126892
70,"<a href=""https://htmlpreview.github.io/?https://github.com/HERA-Team/H5C_Notebooks/blob/main/antenna_report/antenna_109_report.html"" target=""_blank"">109</a>",N10,digital_ok,1.0,0.0,0.9387755102040817,0.0,1.0,0.0,-0.6373467879726938,0.5200365223293631,-0.06051352907216417,0.756381503159225,5.86300808708369,6.394614490415329,2.5723394204676158,6.548181938802345,0.6751558058149905,0.32662364887283146,0.5279552200412254,0.0,0.0
71,"<a href=""https://htmlpreview.github.io/?https://github.com/HERA-Team/H5C_Notebooks/blob/main/antenna_report/antenna_110_report.html"" target=""_blank"">110</a>",N10,RF_maintenance,1.0,0.0,1.0,0.0,1.0,0.0,35.47295172146963,28.677336782130226,2.5097183212960315,1.5462650726998928,4.855978277756281,8.972983387072516,-0.3174517998145814,0.38057211865709684,0.563719274054445,0.3252650564741192,0.32577378734747864,0.0,0.0
72,"<a href=""https://htmlpreview.github.io/?https://github.com/HERA-Team/H5C_Notebooks/blob/main/antenna_report/antenna_111_report.html"" target=""_blank"">111</a>",N10,digital_ok,1.0,0.0,0.9387755102040817,0.0,1.0,0.0,0.8079538324642902,0.24538640560494368,0.22882328133780588,1.2628373054293802,6.674163123882611,8.982834731160114,7.003410774092054,5.466250323119304,0.6701831289931736,0.33572823383018335,0.5159940151381908,0.0,0.0
73,"<a href=""https://htmlpreview.github.io/?https://github.com/HERA-Team/H5C_Notebooks/blob/main/antenna_report/antenna_112_report.html"" target=""_blank"">112</a>",N10,digital_ok,0.0,0.0,0.9387755102040817,0.0,0.92,0.0,-0.8532421192581218,-0.008947797776975764,-0.27702534381367594,1.1085933859069554,-0.9363740708700273,-0.951834123420223,0.24243004687881672,-1.4265681804536512,0.6683235143868547,0.34584654322287456,0.5157801125513423,0.0,0.0
74,"<a href=""https://htmlpreview.github.io/?https://github.com/HERA-Team/H5C_Notebooks/blob/main/antenna_report/antenna_116_report.html"" target=""_blank"">116</a>",N07,digital_ok,1.0,1.0,1.0,0.0,1.0,0.0,,,inf,inf,,,,,,,,0.0,0.0
75,"<a href=""https://htmlpreview.github.io/?https://github.com/HERA-Team/H5C_Notebooks/blob/main/antenna_report/antenna_117_report.html"" target=""_blank"">117</a>",N07,digital_ok,1.0,0.0,0.04081632653061224,0.0,1.0,0.0,0.7349189200900602,0.687021557888946,5.46043428536003,5.576471719787339,2.0229475701199684,-0.10051097962551415,-0.4934267889555156,-1.5058716458762955,0.8098008659039878,0.5433801635579482,0.5950615915179833,2.768355131149292,2.3342864513397217
76,"<a href=""https://htmlpreview.github.io/?https://github.com/HERA-Team/H5C_Notebooks/blob/main/antenna_report/antenna_118_report.html"" target=""_blank"">118</a>",N07,digital_ok,1.0,0.0,1.0,0.0,1.0,0.0,2.7069246935142566,22.53539492174904,2.2982634901114434,28.821052747439293,-0.7893877061260507,34.73500443929578,0.5391752796275975,-0.19966234493976584,0.8147575693655382,0.03988245403871835,0.5416030595941667,4.220972895622253,1.1396405398845673
77,"<a href=""https://htmlpreview.github.io/?https://github.com/HERA-Team/H5C_Notebooks/blob/main/antenna_report/antenna_119_report.html"" target=""_blank"">119</a>",N07,RF_maintenance,1.0,0.0,0.04081632653061224,0.0,1.0,0.0,1.321899456678264,0.9721962594442078,9.891320650018342,0.3048774330529352,4.580762857957498,-0.1119931521761774,-1.1603638265675358,-0.7885998245788363,0.8216246538161738,0.5589196908021284,0.5812430248032802,3.781357705593109,2.8623753786087036
78,"<a href=""https://htmlpreview.github.io/?https://github.com/HERA-Team/H5C_Notebooks/blob/main/antenna_report/antenna_120_report.html"" target=""_blank"">120</a>",N08,RF_maintenance,1.0,0.6326530612244898,1.0,0.0,1.0,0.0,17.31774736672554,33.918854480500485,0.9186752561930457,37.77679017948774,21.853598620293184,34.23415528301659,2.5856356453135283,3.7481962804184303,0.3873057375888829,0.042793280249377355,0.257002791157177,2.534049093723297,1.2468157410621643
79,"<a href=""https://htmlpreview.github.io/?https://github.com/HERA-Team/H5C_Notebooks/blob/main/antenna_report/antenna_121_report.html"" target=""_blank"">121</a>",N08,digital_ok,1.0,0.0,0.04081632653061224,0.0,1.0,0.0,3.7824405886596306,7.090276050566895,-0.4764994047639203,0.7926134783780614,1.7093459939114364,0.48811250138377377,18.770344624787466,11.992121149120367,0.7525126776208969,0.5057688351482859,0.5167384045921438,4.488137125968933,2.569248139858246
80,"<a href=""https://htmlpreview.github.io/?https://github.com/HERA-Team/H5C_Notebooks/blob/main/antenna_report/antenna_122_report.html"" target=""_blank"">122</a>",N08,digital_ok,1.0,0.0,0.04081632653061224,0.0,1.0,0.0,10.462723080913948,9.2458607430092,1.106072644573611,1.3376854789431836,-0.763220205181853,-1.3559484471934804,-0.5669856765541393,-1.12290714627232,0.755253712219747,0.4986893469826837,0.5200537085807742,3.7448787093162537,2.5558051466941833
81,"<a href=""https://htmlpreview.github.io/?https://github.com/HERA-Team/H5C_Notebooks/blob/main/antenna_report/antenna_123_report.html"" target=""_blank"">123</a>",N08,digital_ok,1.0,0.0,0.04081632653061224,0.0,1.0,0.0,8.545226511264183,10.22593625194107,0.052435843806040994,0.17610881070314255,-1.5712555516960796,-1.747902050030998,-0.6632275835595427,-1.225019172309046,0.7535161154260476,0.4839012739646262,0.5461848394619505,3.8460613489151,2.547566592693329
82,"<a href=""https://htmlpreview.github.io/?https://github.com/HERA-Team/H5C_Notebooks/blob/main/antenna_report/antenna_125_report.html"" target=""_blank"">125</a>",N09,RF_maintenance,1.0,1.0,1.0,0.0,1.0,0.0,8.164266661680365,10.658641128157866,21.97900141373802,23.325496458921148,29.22422454962486,27.53781041297865,-1.4115974148713317,-2.63642805714928,0.061418293316447194,0.05785845943525736,0.008938657848260765,1.1590893268585205,1.1500794887542725
83,"<a href=""https://htmlpreview.github.io/?https://github.com/HERA-Team/H5C_Notebooks/blob/main/antenna_report/antenna_126_report.html"" target=""_blank"">126</a>",N09,RF_maintenance,1.0,1.0,1.0,0.0,1.0,0.0,13.191526659150986,7.79491546744411,19.492883434201207,19.632992222089538,27.79833441607915,21.524967924071866,0.3242050674193865,-2.506187444957569,0.07025942465788793,0.04627202896997496,0.0054949894776732235,0.8629741072654724,0.8706848919391632
84,"<a href=""https://htmlpreview.github.io/?https://github.com/HERA-Team/H5C_Notebooks/blob/main/antenna_report/antenna_127_report.html"" target=""_blank"">127</a>",N10,digital_ok,1.0,0.0,0.9387755102040817,0.0,1.0,0.0,0.3499373790479957,0.22350045597277293,0.43718533129581555,-0.077627741200764,2.8738531374971426,5.411292137915716,0.7834608084175282,0.8283752483592011,0.6677022251392328,0.3311725127074047,0.5174096622091477,0.0,0.0
85,"<a href=""https://htmlpreview.github.io/?https://github.com/HERA-Team/H5C_Notebooks/blob/main/antenna_report/antenna_128_report.html"" target=""_blank"">128</a>",N10,digital_ok,0.0,0.0,0.9387755102040817,0.0,0.92,0.0,-1.0693943527314527,2.8822268504375055,0.13902358323569486,1.9958837154821472,-0.3504455073305247,0.6690376751992612,-0.3376652530728286,-1.020518076772854,0.6684988025560766,0.329988535012676,0.5135551580952046,0.0,0.0
86,"<a href=""https://htmlpreview.github.io/?https://github.com/HERA-Team/H5C_Notebooks/blob/main/antenna_report/antenna_129_report.html"" target=""_blank"">129</a>",N10,digital_ok,0.0,0.0,0.9387755102040817,0.0,0.92,0.0,-0.5767263901868055,-0.5473785202127139,-0.36897339663121426,-0.7015732719394854,-0.07907353387203421,-0.870201112824396,-0.21037408094473567,-0.6258050911537927,0.6682139818356022,0.3332910459711981,0.5157189599633317,0.0,0.0
87,"<a href=""https://htmlpreview.github.io/?https://github.com/HERA-Team/H5C_Notebooks/blob/main/antenna_report/antenna_130_report.html"" target=""_blank"">130</a>",N10,digital_ok,1.0,0.0,0.9387755102040817,0.0,1.0,0.0,0.9168027937683351,0.1667489481541799,0.30573841470568075,1.1527244571218718,28.184805694059254,29.579002396615746,5.113384590721824,6.389788352648851,0.6598320750759897,0.3479930961396451,0.5022459926247774,0.0,0.0
88,"<a href=""https://htmlpreview.github.io/?https://github.com/HERA-Team/H5C_Notebooks/blob/main/antenna_report/antenna_135_report.html"" target=""_blank"">135</a>",N12,digital_maintenance,0.0,0.0,0.04081632653061224,0.0,1.0,0.0,-0.8950278655589655,0.19538136773711368,-0.6864652376057663,-0.7722938810283964,0.348404846024211,-0.9566385084410646,3.322159252270641,0.8113924502843352,0.7430305802542735,0.45471952396889026,0.5652718672900934,2.3168888092041016,1.8478545546531677
89,"<a href=""https://htmlpreview.github.io/?https://github.com/HERA-Team/H5C_Notebooks/blob/main/antenna_report/antenna_136_report.html"" target=""_blank"">136</a>",N12,digital_maintenance,1.0,0.0,0.04081632653061224,0.0,1.0,0.0,2.0876286848450976,9.378945160744443,-0.6408412068644223,0.45916013324525895,3.276259073200764,1.5724943064523724,-0.03671515399569346,4.545784356679732,0.7444141742707779,0.4393677803623929,0.5542721466807208,2.7739856243133545,2.0341904163360596
90,"<a href=""https://htmlpreview.github.io/?https://github.com/HERA-Team/H5C_Notebooks/blob/main/antenna_report/antenna_137_report.html"" target=""_blank"">137</a>",N07,RF_maintenance,1.0,1.0,1.0,0.0,1.0,0.0,20.468869080545858,20.995125871200596,27.25302698492416,28.197765343501793,39.965376623072615,34.445737554976844,1.9603934402445102,2.055739016337933,0.033567349468341355,0.03729369365253532,0.0031217997251343256,1.125137597322464,1.128397524356842
91,"<a href=""https://htmlpreview.github.io/?https://github.com/HERA-Team/H5C_Notebooks/blob/main/antenna_report/antenna_138_report.html"" target=""_blank"">138</a>",N07,RF_maintenance,1.0,1.0,0.04081632653061224,0.0,1.0,0.0,24.554974173875795,2.0882173020071995,25.110404898541017,-0.6330692864222175,40.067080586278514,-1.2484597409973164,2.427810087419899,-0.3685061916029047,0.04339654141683718,0.5406721247407335,0.3122970056044836,1.256116807460785,2.4985209107398987
92,"<a href=""https://htmlpreview.github.io/?https://github.com/HERA-Team/H5C_Notebooks/blob/main/antenna_report/antenna_140_report.html"" target=""_blank"">140</a>",N13,digital_ok,1.0,1.0,1.0,0.0,1.0,0.0,17.705865024765956,20.967468292394383,32.00488026248832,33.667999469883405,40.02706975344781,34.47488406269027,1.0991755448474463,0.36027237903757114,0.03942005814607075,0.0421299204531383,0.0016326006281603654,1.1514849364757538,1.134745478630066
93,"<a href=""https://htmlpreview.github.io/?https://github.com/HERA-Team/H5C_Notebooks/blob/main/antenna_report/antenna_141_report.html"" target=""_blank"">141</a>",N13,digital_ok,1.0,0.0,0.04081632653061224,0.0,1.0,0.0,1.5433203505256603,2.258315331217201,-0.12351688993353944,8.336694597145945,1.9750001411635005,1.4256885706772346,0.7972031772772412,5.3524998448788335,0.8194728080784133,0.5268923811108254,0.584036573667233,4.412420392036438,2.3321794271469116
94,"<a href=""https://htmlpreview.github.io/?https://github.com/HERA-Team/H5C_Notebooks/blob/main/antenna_report/antenna_142_report.html"" target=""_blank"">142</a>",N13,digital_ok,1.0,0.04081632653061224,1.0,0.0,1.0,0.0,24.82269367534159,25.73510514675999,1.3272505188616628,33.83282569201346,25.00488796029449,34.35986609514573,2.5606228658920984,1.5110637450345186,0.4486483797519976,0.04366579624103279,0.2681919328767143,2.3253732323646545,1.2149976789951324
95,"<a href=""https://htmlpreview.github.io/?https://github.com/HERA-Team/H5C_Notebooks/blob/main/antenna_report/antenna_143_report.html"" target=""_blank"">143</a>",N14,digital_ok,0.0,1.0,1.0,0.0,1.0,0.0,0.48580277810771416,-0.7583350051410279,1.2010164766358316,1.1192695247029407,3.2212308727688863,2.300195469268172,0.36253605225873053,0.9654266097379833,0.0662835896422115,0.06461844979908551,0.013805341187521402,0.0,0.0
96,"<a href=""https://htmlpreview.github.io/?https://github.com/HERA-Team/H5C_Notebooks/blob/main/antenna_report/antenna_144_report.html"" target=""_blank"">144</a>",N14,digital_ok,1.0,1.0,1.0,0.0,1.0,0.0,-0.675626947269644,-0.293458113744728,-0.8335075825553241,-0.31270187666093885,27.868955776412225,27.608619366091876,6.178090428794961,5.022689423809167,0.055418617457625705,0.06331554890648505,0.014138793187095091,0.0,0.0
97,"<a href=""https://htmlpreview.github.io/?https://github.com/HERA-Team/H5C_Notebooks/blob/main/antenna_report/antenna_145_report.html"" target=""_blank"">145</a>",N14,RF_maintenance,1.0,1.0,1.0,0.0,1.0,0.0,19.762032389728653,22.429482207309032,33.05628207033337,34.210216791243134,40.15410004690048,34.45366178690962,2.19469778049276,2.2445011740591894,0.029462624647742814,0.030711568214930922,-2.874219089153254e-05,0.0,0.0
98,"<a href=""https://htmlpreview.github.io/?https://github.com/HERA-Team/H5C_Notebooks/blob/main/antenna_report/antenna_150_report.html"" target=""_blank"">150</a>",N15,RF_maintenance,1.0,1.0,1.0,0.0,1.0,0.0,207.33251220659085,204.55143060306446,inf,inf,6523.696314260539,5830.315489923425,3191.3598193623875,3004.476761328127,,,,0.0,0.0
99,"<a href=""https://htmlpreview.github.io/?https://github.com/HERA-Team/H5C_Notebooks/blob/main/antenna_report/antenna_155_report.html"" target=""_blank"">155</a>",N12,digital_maintenance,1.0,1.0,1.0,0.0,1.0,0.0,18.763870084554735,21.018829187540923,32.11309152751341,33.35620170508213,39.925598128897725,34.31263990834723,2.5370643568427034,2.0119840311700625,0.039783382322349396,0.03755924753320442,0.0004342386619353906,1.3733514845371246,1.3512115478515625
100,"<a href=""https://htmlpreview.github.io/?https://github.com/HERA-Team/H5C_Notebooks/blob/main/antenna_report/antenna_156_report.html"" target=""_blank"">156</a>",N12,digital_ok,1.0,0.0,0.04081632653061224,0.0,1.0,0.0,0.6311771054704924,0.5567177274120865,1.3984980207165638,1.2956677527330895,-0.05534597364235887,72.19450853544231,2.6141030357068775,9.15618506106402,0.7585452911372806,0.4508585953617099,0.56798878828464,5.640500426292419,4.86361289024353
101,"<a href=""https://htmlpreview.github.io/?https://github.com/HERA-Team/H5C_Notebooks/blob/main/antenna_report/antenna_157_report.html"" target=""_blank"">157</a>",N12,digital_ok,0.0,0.0,0.04081632653061224,0.0,0.12,0.0,-0.3937408524313406,-0.3396694068304418,0.28570166087301674,3.16024109717848,0.9828192697146151,-0.3400797665097581,1.4737087710761299,0.26794557395260393,0.7506766869221395,0.47241325962977737,0.5537195566309345,1.8600448071956635,1.3633998930454254
102,"<a href=""https://htmlpreview.github.io/?https://github.com/HERA-Team/H5C_Notebooks/blob/main/antenna_report/antenna_158_report.html"" target=""_blank"">158</a>",N12,digital_ok,1.0,0.0,0.04081632653061224,0.0,1.0,0.0,-0.5084689981236639,-1.0222689577337751,-0.18629495991826736,0.17778580124355825,7.226539242759122,6.693364724801363,3.051017459741228,2.5491524714585503,0.7552015876992427,0.47673091086900216,0.5565841008890996,4.7958821058273315,5.231193542480469
103,"<a href=""https://htmlpreview.github.io/?https://github.com/HERA-Team/H5C_Notebooks/blob/main/antenna_report/antenna_160_report.html"" target=""_blank"">160</a>",N13,digital_ok,1.0,1.0,1.0,0.0,1.0,0.0,18.82010719303015,20.651797440172956,32.635088148099854,33.73362167072235,40.17241582228936,34.65299501335982,2.1866241720517126,1.925158428122292,0.040092717369957266,0.042555667132670914,0.004324730709075625,1.2692894637584686,1.2616950571537018
104,"<a href=""https://htmlpreview.github.io/?https://github.com/HERA-Team/H5C_Notebooks/blob/main/antenna_report/antenna_161_report.html"" target=""_blank"">161</a>",N13,digital_ok,1.0,0.0,0.04081632653061224,0.0,1.0,0.0,-0.42645531624190686,39.983565018591946,-0.43035186336416414,2.8841817898580526,-0.2677551514801777,4.7822380478640465,0.4474270467329385,-0.24174794800090704,0.8089175067203987,0.4332692351028838,0.5687707302745363,4.518279194831848,3.900891423225403
105,"<a href=""https://htmlpreview.github.io/?https://github.com/HERA-Team/H5C_Notebooks/blob/main/antenna_report/antenna_162_report.html"" target=""_blank"">162</a>",N13,digital_ok,0.0,0.0,0.04081632653061224,0.0,0.08,0.04,1.5490133236836068,-0.05118175926129745,-0.03544081966180728,-0.6928805425659627,0.3551665452273687,-0.0159096026074786,-0.2874201425197481,0.2505877347826288,0.8156064230988813,0.5382863022247752,0.5991848477388243,1.5879020690917969,1.3720441460609436
106,"<a href=""https://htmlpreview.github.io/?https://github.com/HERA-Team/H5C_Notebooks/blob/main/antenna_report/antenna_163_report.html"" target=""_blank"">163</a>",N14,digital_ok,1.0,1.0,1.0,0.0,1.0,0.0,0.53679067026418,0.515511892694293,0.3126624070554741,-0.7575788106814868,20.802197436351133,21.35416896137549,5.187331574213796,6.003463962135818,0.05822974552620703,0.05864393534690834,0.009282736995452292,1.2673508822917938,1.243152529001236
107,"<a href=""https://htmlpreview.github.io/?https://github.com/HERA-Team/H5C_Notebooks/blob/main/antenna_report/antenna_164_report.html"" target=""_blank"">164</a>",N14,digital_ok,0.0,1.0,1.0,0.0,1.0,0.0,-0.9447640877072649,-0.6121947946702979,-0.7769557593614429,-0.6778556093490079,-0.6799438437539294,1.6560664901765423,-0.45697954581052985,-0.374005748814029,0.06022079289366328,0.060865064958020056,0.008362140908621415,1.3217345774173737,1.307336688041687
108,"<a href=""https://htmlpreview.github.io/?https://github.com/HERA-Team/H5C_Notebooks/blob/main/antenna_report/antenna_165_report.html"" target=""_blank"">165</a>",N14,digital_ok,1.0,1.0,1.0,0.0,1.0,0.0,304.5579408341713,304.7270949641161,inf,inf,7653.60650736037,7691.722245976322,5261.136119856921,5297.425371043961,,,,0.0,0.0
109,"<a href=""https://htmlpreview.github.io/?https://github.com/HERA-Team/H5C_Notebooks/blob/main/antenna_report/antenna_166_report.html"" target=""_blank"">166</a>",N14,RF_maintenance,1.0,1.0,1.0,0.0,1.0,0.0,163.9569226839424,163.93477964034693,inf,inf,4900.714891420004,4977.700971797951,2136.4017984489474,2584.090474127891,,,,0.0,0.0
110,"<a href=""https://htmlpreview.github.io/?https://github.com/HERA-Team/H5C_Notebooks/blob/main/antenna_report/antenna_167_report.html"" target=""_blank"">167</a>",N15,digital_ok,1.0,1.0,1.0,0.0,1.0,0.0,,,inf,inf,,,,,,,,0.0,0.0
111,"<a href=""https://htmlpreview.github.io/?https://github.com/HERA-Team/H5C_Notebooks/blob/main/antenna_report/antenna_168_report.html"" target=""_blank"">168</a>",N15,RF_maintenance,1.0,1.0,1.0,0.0,1.0,0.0,7.410775575313391,10.350249743537308,20.369095001490095,22.89982907098099,25.895677773602984,27.278050338821846,-0.6802676498841436,-1.8296222115589025,0.057390601777789124,0.06481745803321114,0.01140836786909993,0.0,0.0
112,"<a href=""https://htmlpreview.github.io/?https://github.com/HERA-Team/H5C_Notebooks/blob/main/antenna_report/antenna_169_report.html"" target=""_blank"">169</a>",N15,digital_ok,1.0,1.0,1.0,0.0,1.0,0.0,9.002391134744055,9.457012081700336,22.420343091114017,21.546534231687893,35.193284192465526,30.22544048615437,2.5135942165842953,3.5809218925851107,0.06623350070886735,0.05636253664212457,0.0077048343005045134,0.0,0.0
113,"<a href=""https://htmlpreview.github.io/?https://github.com/HERA-Team/H5C_Notebooks/blob/main/antenna_report/antenna_170_report.html"" target=""_blank"">170</a>",N15,digital_ok,1.0,1.0,1.0,0.0,1.0,0.0,9.331181508912053,8.14385147925564,22.622713825132482,20.62242502341486,47.264167118461465,40.99855772708021,4.285293897722881,2.763782959873131,0.06211120187843566,0.056391401803271395,0.00609678239038211,0.0,0.0
114,"<a href=""https://htmlpreview.github.io/?https://github.com/HERA-Team/H5C_Notebooks/blob/main/antenna_report/antenna_176_report.html"" target=""_blank"">176</a>",N12,digital_ok,0.0,0.0,0.04081632653061224,0.0,0.12,0.0,0.45649233258409855,-0.7348430048876823,-0.6191494124844994,0.6116357806250989,-1.1963014057460777,-0.41078990242463287,-0.03130382674381234,0.8459746442719255,0.7525930127485695,0.4361230258708358,0.5831257524750164,1.8590646386146545,1.3312573730945587
115,"<a href=""https://htmlpreview.github.io/?https://github.com/HERA-Team/H5C_Notebooks/blob/main/antenna_report/antenna_177_report.html"" target=""_blank"">177</a>",N12,digital_ok,1.0,0.0,0.04081632653061224,0.0,1.0,0.0,0.7706885083624999,1.4677310015123932,0.6391088260540305,8.577690563874715,-0.9059386408078933,36.290748037020144,0.13495269747889116,-0.131079361194645,0.7511060779188159,0.4502469510636683,0.5690166817973344,6.092583417892456,6.6548073291778564
116,"<a href=""https://htmlpreview.github.io/?https://github.com/HERA-Team/H5C_Notebooks/blob/main/antenna_report/antenna_178_report.html"" target=""_blank"">178</a>",N12,digital_ok,0.0,0.0,0.04081632653061224,0.0,0.08,0.04,-0.7103600493763768,-0.7129568503614208,1.175160317080647,-0.29480536352170206,-1.3487852884898766,0.24611792868844304,0.35978453710295233,1.5797452781542236,0.7446653344287123,0.4604144724631531,0.5587328115701468,1.9667817056179047,1.3356278836727142
117,"<a href=""https://htmlpreview.github.io/?https://github.com/HERA-Team/H5C_Notebooks/blob/main/antenna_report/antenna_179_report.html"" target=""_blank"">179</a>",N12,digital_ok,1.0,0.0,0.04081632653061224,0.0,1.0,0.0,0.15885445906250312,1.2227935632978544,-0.785487166152067,0.053779330565507884,10.167109816994547,-1.186644390972257,1.030518377005581,-0.9603008980463499,0.7476868066492791,0.46224777140240114,0.5687221859844231,3.737973630428314,3.572392523288727
118,"<a href=""https://htmlpreview.github.io/?https://github.com/HERA-Team/H5C_Notebooks/blob/main/antenna_report/antenna_180_report.html"" target=""_blank"">180</a>",N13,RF_maintenance,1.0,0.0,1.0,0.0,1.0,0.0,0.31047675768955824,17.766231964497383,0.3828699165109063,32.044053324160025,0.5302648730663018,28.22537395929221,0.3274671953634149,1.0723116481377468,0.8113369237402227,0.20993033358195556,0.6601379476080345,10.735507726669312,2.123915731906891
119,"<a href=""https://htmlpreview.github.io/?https://github.com/HERA-Team/H5C_Notebooks/blob/main/antenna_report/antenna_181_report.html"" target=""_blank"">181</a>",N13,digital_ok,1.0,1.0,1.0,0.0,1.0,0.0,20.114124020572465,60.672955641910974,33.18492375294025,5.761502218458899,41.57786746461779,29.65232373163259,3.9161868715673247,7.497270629996862,0.04496692030482776,0.29295448734971663,0.1530228345668329,1.2687712013721466,3.041975259780884
120,"<a href=""https://htmlpreview.github.io/?https://github.com/HERA-Team/H5C_Notebooks/blob/main/antenna_report/antenna_182_report.html"" target=""_blank"">182</a>",N13,RF_maintenance,1.0,0.0,0.04081632653061224,0.0,1.0,0.0,6.843498180324835,8.426426227901015,20.205424501563574,21.086240207353256,24.681677016928937,23.867051503472467,-0.08729526751523084,-1.7462976058676403,0.8004783786655494,0.5079842045447754,0.6106484167428969,4.699514389038086,4.177464008331299
121,"<a href=""https://htmlpreview.github.io/?https://github.com/HERA-Team/H5C_Notebooks/blob/main/antenna_report/antenna_183_report.html"" target=""_blank"">183</a>",N13,digital_ok,1.0,0.0,0.04081632653061224,0.0,1.0,0.0,-1.2110097232436663,-0.473653775493365,0.18630477170486154,-0.7285164227476576,-1.3857677287939945,3.979986025624674,0.9403582545917484,7.7089055017283705,0.8061221501070751,0.5192147197778347,0.6139062534070446,3.8197376132011414,3.1301167607307434
122,"<a href=""https://htmlpreview.github.io/?https://github.com/HERA-Team/H5C_Notebooks/blob/main/antenna_report/antenna_184_report.html"" target=""_blank"">184</a>",N14,digital_ok,1.0,1.0,1.0,0.0,1.0,0.0,,,inf,inf,,,,,,,,0.0,0.0
123,"<a href=""https://htmlpreview.github.io/?https://github.com/HERA-Team/H5C_Notebooks/blob/main/antenna_report/antenna_185_report.html"" target=""_blank"">185</a>",N14,digital_ok,1.0,1.0,1.0,0.0,1.0,0.0,1.3348276927146945,0.4471208605655678,2.464302773556285,1.035241019707585,5.518605372760861,5.42951661639808,1.5855080188848247,0.9810797163242927,0.06890309664452704,0.0578347866412583,0.009800452534640305,0.9475685060024261,0.9460564106702805
124,"<a href=""https://htmlpreview.github.io/?https://github.com/HERA-Team/H5C_Notebooks/blob/main/antenna_report/antenna_186_report.html"" target=""_blank"">186</a>",N14,digital_ok,1.0,1.0,1.0,0.0,1.0,0.0,0.43162201098317177,0.4739728627230521,2.9954391387597945,1.6032464358224963,2.7355528034041106,-0.28444880771233855,6.396128177794269,5.3086931985703,0.07005360714800409,0.06340405251021808,0.012563769829862561,1.2260794043540955,1.2194797694683075
125,"<a href=""https://htmlpreview.github.io/?https://github.com/HERA-Team/H5C_Notebooks/blob/main/antenna_report/antenna_187_report.html"" target=""_blank"">187</a>",N14,digital_ok,1.0,1.0,1.0,0.0,1.0,0.0,1.0281782913583564,1.517424789393253,0.2956807230340021,0.5417876071134886,0.48378227044808475,0.18278984158640843,5.3011604933671155,3.175279499559578,0.07451789164575821,0.06833118024935989,0.015459274491991646,0.0,0.0
126,"<a href=""https://htmlpreview.github.io/?https://github.com/HERA-Team/H5C_Notebooks/blob/main/antenna_report/antenna_189_report.html"" target=""_blank"">189</a>",N15,digital_ok,0.0,1.0,1.0,0.0,1.0,0.0,2.1255723633672585,2.1999985731080276,0.6498432769170074,-0.6049921706141753,0.5386898142158549,0.08936563389529464,0.5306553864267264,-1.0820651595157778,0.041659540900512874,0.04401779782879784,0.003867045801085486,0.0,0.0
127,"<a href=""https://htmlpreview.github.io/?https://github.com/HERA-Team/H5C_Notebooks/blob/main/antenna_report/antenna_190_report.html"" target=""_blank"">190</a>",N15,digital_ok,1.0,1.0,1.0,0.0,1.0,0.0,53.48686593370461,24.761934995899576,3.671111012563176,34.14315663684297,34.290291136539665,34.58161937653207,111.5737252928439,2.41500724014949,0.05951819104535004,0.034531091827114016,0.030623858931551475,0.0,0.0
128,"<a href=""https://htmlpreview.github.io/?https://github.com/HERA-Team/H5C_Notebooks/blob/main/antenna_report/antenna_191_report.html"" target=""_blank"">191</a>",N15,digital_ok,1.0,1.0,1.0,0.0,1.0,0.0,-0.6982189284155731,0.6241402934130472,-0.3045693340812259,-0.08889574570976663,4.694248588104746,28.87083577566423,12.721472864160301,6.338340715226151,0.04426781191563684,0.042258133011057464,0.002653882547200809,0.0,0.0
129,"<a href=""https://htmlpreview.github.io/?https://github.com/HERA-Team/H5C_Notebooks/blob/main/antenna_report/antenna_203_report.html"" target=""_blank"">203</a>",N18,RF_maintenance,1.0,1.0,1.0,0.0,1.0,0.0,,,inf,inf,,,,,,,,0.0,0.0
130,"<a href=""https://htmlpreview.github.io/?https://github.com/HERA-Team/H5C_Notebooks/blob/main/antenna_report/antenna_205_report.html"" target=""_blank"">205</a>",N19,RF_ok,1.0,1.0,1.0,0.0,1.0,0.0,4.693412683650016,3.7542834485647427,14.269155223278688,-0.1407925630169941,13.762165756660972,4.035554549636388,-1.0870702701530548,6.834603130543798,0.050674981550500264,0.04480718008390852,0.005277071858604212,0.0,0.0
131,"<a href=""https://htmlpreview.github.io/?https://github.com/HERA-Team/H5C_Notebooks/blob/main/antenna_report/antenna_206_report.html"" target=""_blank"">206</a>",N19,RF_ok,1.0,1.0,1.0,0.0,1.0,0.0,3.442593206160888,3.088383033409398,-0.4431798799238249,10.110478835240595,7.211776679589216,4.366290708762458,1.4891752549276858,0.704619449259048,0.05055523821548736,0.04463281111399421,0.004460749928937524,1.2011304795742035,1.1919066309928894
132,"<a href=""https://htmlpreview.github.io/?https://github.com/HERA-Team/H5C_Notebooks/blob/main/antenna_report/antenna_207_report.html"" target=""_blank"">207</a>",N19,RF_ok,1.0,1.0,1.0,0.0,1.0,0.0,6.34424649358176,4.811993830257213,17.039030821783292,14.079807604136057,20.709002147753964,13.154029451767567,-0.8727820384312597,-1.9183429546725175,0.055064978943412765,0.053742687069554124,0.007103694128147362,0.0,0.0
133,"<a href=""https://htmlpreview.github.io/?https://github.com/HERA-Team/H5C_Notebooks/blob/main/antenna_report/antenna_220_report.html"" target=""_blank"">220</a>",N18,RF_ok,1.0,1.0,1.0,0.0,1.0,0.0,,,inf,inf,,,,,,,,0.0,0.0
134,"<a href=""https://htmlpreview.github.io/?https://github.com/HERA-Team/H5C_Notebooks/blob/main/antenna_report/antenna_221_report.html"" target=""_blank"">221</a>",N18,RF_ok,1.0,1.0,1.0,0.0,1.0,0.0,,,inf,inf,,,,,,,,0.0,0.0
135,"<a href=""https://htmlpreview.github.io/?https://github.com/HERA-Team/H5C_Notebooks/blob/main/antenna_report/antenna_222_report.html"" target=""_blank"">222</a>",N18,RF_ok,1.0,1.0,1.0,0.0,1.0,0.0,,,inf,inf,,,,,,,,0.0,0.0
136,"<a href=""https://htmlpreview.github.io/?https://github.com/HERA-Team/H5C_Notebooks/blob/main/antenna_report/antenna_223_report.html"" target=""_blank"">223</a>",N19,RF_ok,1.0,1.0,1.0,0.0,1.0,0.0,3.1175765732095684,5.193624796133144,8.48305000614717,15.875447345476951,6.16528447546853,13.0097002399188,0.9838946152134229,-1.5252772600779632,0.04201296096691302,0.059086229907968156,0.0024535430753503027,0.0,0.0
137,"<a href=""https://htmlpreview.github.io/?https://github.com/HERA-Team/H5C_Notebooks/blob/main/antenna_report/antenna_224_report.html"" target=""_blank"">224</a>",N19,RF_ok,1.0,1.0,1.0,0.0,1.0,0.0,10.959044449736915,11.784802589410704,25.662611310426602,25.062954848392707,37.791153688935196,31.156930912545892,-1.659852217971769,-2.7555245141861513,0.06082445852237321,0.06522958677476154,0.008659104915113219,0.0,0.0
138,"<a href=""https://htmlpreview.github.io/?https://github.com/HERA-Team/H5C_Notebooks/blob/main/antenna_report/antenna_241_report.html"" target=""_blank"">241</a>",N19,RF_ok,1.0,1.0,1.0,0.0,1.0,0.0,,,inf,inf,,,,,,,,0.0,0.0
139,"<a href=""https://htmlpreview.github.io/?https://github.com/HERA-Team/H5C_Notebooks/blob/main/antenna_report/antenna_242_report.html"" target=""_blank"">242</a>",N19,RF_ok,1.0,1.0,1.0,0.0,1.0,0.0,,,inf,inf,,,,,,,,0.0,0.0
140,"<a href=""https://htmlpreview.github.io/?https://github.com/HERA-Team/H5C_Notebooks/blob/main/antenna_report/antenna_243_report.html"" target=""_blank"">243</a>",N19,RF_ok,1.0,1.0,1.0,0.0,1.0,0.0,,,inf,inf,,,,,,,,0.0,0.0
141,"<a href=""https://htmlpreview.github.io/?https://github.com/HERA-Team/H5C_Notebooks/blob/main/antenna_report/antenna_320_report.html"" target=""_blank"">320</a>",N03,dish_maintenance,1.0,1.0,1.0,0.0,1.0,0.0,25.40746327974296,24.02537388539073,22.173568172576484,22.47480952251154,39.93967192637888,34.45251101014744,4.993851269284986,2.4733386699538875,0.05243133531144649,0.04860416299497662,0.0045522674349560656,0.0,0.0
142,"<a href=""https://htmlpreview.github.io/?https://github.com/HERA-Team/H5C_Notebooks/blob/main/antenna_report/antenna_321_report.html"" target=""_blank"">321</a>",N02,not_connected,1.0,0.0,0.08163265306122448,0.0,1.0,0.0,2.977709451683247,1.8555789014008643,13.42806027400269,12.12638678085511,28.52759417455177,23.03524339707984,19.195834882527226,18.24322478149053,0.7817222380444412,0.41653402891330993,0.6654886164156542,0.0,0.0
143,"<a href=""https://htmlpreview.github.io/?https://github.com/HERA-Team/H5C_Notebooks/blob/main/antenna_report/antenna_323_report.html"" target=""_blank"">323</a>",N02,not_connected,1.0,0.0,0.7346938775510204,0.0,1.0,0.0,23.32394751616622,4.422719589349161,1.2886054324259781,16.080060990351484,18.02146679157427,13.98064880491347,7.085127607393034,-1.0823154975494649,0.6021555417790138,0.3951673189401511,0.493928939611365,0.0,0.0
144,"<a href=""https://htmlpreview.github.io/?https://github.com/HERA-Team/H5C_Notebooks/blob/main/antenna_report/antenna_324_report.html"" target=""_blank"">324</a>",N04,not_connected,1.0,0.061224489795918366,0.42857142857142855,0.0,1.0,0.0,5.5726859308380785,3.8994253896558715,17.20543437587017,11.389105821820827,20.2117543553583,10.273334659367604,5.939059827782343,7.035720489921247,0.7644604769260936,0.3932081986803498,0.6337515003733704,0.0,0.0
145,"<a href=""https://htmlpreview.github.io/?https://github.com/HERA-Team/H5C_Notebooks/blob/main/antenna_report/antenna_329_report.html"" target=""_blank"">329</a>",N12,dish_maintenance,1.0,0.0,0.9387755102040817,0.0,1.0,0.0,2.656838925382023,1.9705699106089978,5.276555108218327,11.708973632470196,17.46675246322641,9.121178751484535,6.987882466071736,-0.23621666223330803,0.715552963906373,0.3507039182059807,0.5977484814838225,0.0,0.0
146,"<a href=""https://htmlpreview.github.io/?https://github.com/HERA-Team/H5C_Notebooks/blob/main/antenna_report/antenna_333_report.html"" target=""_blank"">333</a>",N12,dish_maintenance,1.0,0.0,0.9387755102040817,0.0,1.0,0.0,4.962647017616615,2.0054062436332942,-0.3082909038891786,10.796005656036982,7.824210936823399,6.041188826898702,0.1886155804055607,-1.0131774326476697,0.6764577308804793,0.3380605495048769,0.5623010953705175,0.0,0.0
